
INSERT INTO user_user (user_name, email)
VALUES
('steinarb1234', 'steinarb20@ru.is'),
('magnusb', 'magnus.brarnfredsson@gmail.com'),
('thorhilduramma', 'thorhildurr20@ru.is'),
('bjarkibjarki', 'bjarkiss20@ru.is'),
('beinteinn ', 'beinteinn@gmail.is');

INSERT INTO user_userinfo (user_id, full_name, avg_rating, image)
VALUES
(1, 'Steinar Björnsson', 5, 'https://images.unsplash.com/photo-1518882570151-157128e78fa1?ixlib=rb-4.0.3&ixid=M3wxMjA3fDB8MHxwaG90by1wYWdlfHx8fGVufDB8fHx8fA%3D%3D&auto=format&fit=crop&w=1974&q=80'),
(2, 'Magnús Bjarnfreðsson', 3, 'https://images.unsplash.com/photo-1518882570151-157128e78fa1?ixlib=rb-4.0.3&ixid=M3wxMjA3fDB8MHxwaG90by1wYWdlfHx8fGVufDB8fHx8fA%3D%3D&auto=format&fit=crop&w=1974&q=80'),
(3, 'Þórhildur Anna Ragnarsdóttir', 4.9, 'https://images.unsplash.com/photo-1579880651719-3cef00eae7de?ixlib=rb-4.0.3&ixid=M3wxMjA3fDB8MHxwaG90by1wYWdlfHx8fGVufDB8fHx8fA%3D%3D&auto=format&fit=crop&w=1964&q=80'),
(4, 'Bjarki Smári Smárason', 0, 'https://images.unsplash.com/photo-1518882570151-157128e78fa1?ixlib=rb-4.0.3&ixid=M3wxMjA3fDB8MHxwaG90by1wYWdlfHx8fGVufDB8fHx8fA%3D%3D&auto=format&fit=crop&w=1974&q=80'),
(5, 'Beinteinn', 5, 'https://plus.unsplash.com/premium_photo-1677507321948-d3f8b80fe6d6?ixlib=rb-4.0.3&ixid=M3wxMjA3fDB8MHxwaG90by1wYWdlfHx8fGVufDB8fHx8fA%3D%3D&auto=format&fit=crop&w=1974&q=80');


INSERT INTO user_userprofile (user_info_id, country, address, city, zip_code, bio)
VALUES
(1, 'USA', '123 Any Street', 'New York', '10001', 'I love coding and databases.'),
(2, 'Saudi Arabia', '123 Any Street', 'Ryadh', '10001', 'I love coding and databases.'),
(3, 'Iceland', '123 tossa', 'Vesturgata 4', '10001', 'I love big wine glasses.'),
(4, 'Canada', '456 Another Ave', 'Toronto', 'M5B2G9', 'I am a software developer.'),
(5, 'Iceland', 'Ásvallagata 11', 'Reykjavík', '101', 'Mergur og bein.');

INSERT INTO category_category (name)
VALUES
('All');

INSERT INTO category_category (name, parent_id)
VALUES
('Fashion', 'All'),
('Books', 'All'),
('Plants & gardening', 'All'),
('Electronics', 'All'),
('Cars', 'All'),
('Bikes', 'All'),
('Boats', 'All'),
('Men''s fashion', 'Fashion'),
('Women''s fashion', 'Fashion'),
('Computers', 'Electronics'),
('Phones', 'Electronics'),
('Headphones', 'Electronics'),
('Microphones', 'Electronics');

INSERT INTO category_categoryviews (category, user_id, category_views)
VALUES
('Fashion', 1, 10),
('Books', 1, 15),
('Plants & gardening', 1, 12),
('Electronics', 1, 8),
('Cars', 1, 16),
('Bikes', 1, 9),
('Boats', 1, 14),
('Men''s fashion', 1, 11),
('Women''s fashion', 1, 13),
('Computers',  1, 7),
('Phones',  1, 16),
('Headphones',  1, 10),
('Microphones',  1, 9),
('Fashion', 2, 10),
('Books', 2, 15),
('Plants & gardening', 2, 12),
('Electronics', 2, 8),
('Cars', 2, 16),
('Bikes', 2, 9),
('Boats', 2, 14),
('Men''s fashion', 2, 11),
('Women''s fashion', 2, 13),
('Computers',  2, 7),
('Phones',  2, 16),
('Headphones',  2, 10),
('Microphones',  2, 9),
('Fashion', 3, 10),
('Books', 3, 15),
('Plants & gardening', 3, 12),
('Electronics', 3, 8),
('Cars', 3, 16),
('Bikes', 3, 9),
('Boats', 3, 14),
('Men''s fashion', 3, 11),
('Women''s fashion', 3, 13),
('Computers',  3, 7),
('Phones',  3, 16),
('Headphones',  3, 10),
('Microphones',  3, 9),
('Fashion', 4, 10),
('Books', 4, 15),
('Plants & gardening', 4, 12),
('Electronics', 4, 8),
('Cars', 4, 16),
('Bikes', 4, 9),
('Boats', 4, 14),
('Men''s fashion', 4, 11),
('Women''s fashion', 4, 13),
('Computers',  4, 7),
('Phones',  4, 16),
('Headphones',  4, 10),
('Microphones',  4, 9),
('Fashion', 5, 10),
('Books', 5, 15),
('Plants & gardening', 5, 12),
('Electronics', 5, 8),
('Cars', 5, 16),
('Bikes', 5, 9),
('Boats', 5, 14),
('Men''s fashion', 5, 11),
('Women''s fashion', 5, 13),
('Computers',  5, 7),
('Phones',  5, 16),
('Headphones',  5, 10),
('Microphones',  5, 9);


INSERT INTO item_item (name, price, category_id, seller_id)
VALUES
--     Fashion
('Sun hat', 99.99, 'Fashion', 1),
('Leather shoes', 79.99, 'Fashion', 1),
('Rolex watch', 59.99, 'Fashion', 1),
('Luvon coat S', 1329.99, 'Fashion', 1),
('Brown coat', 99.99, 'Fashion', 1),
('Vintage Levi Jeans', 49.99, 'Fashion', 1),
('Yeezy Boost 350 Shoes', 300.99, 'Fashion', 2),
('Gucci Marmont Bag', 1899.99, 'Fashion', 3),
('Rolex Submariner Watch', 8999.99, 'Fashion', 4),
('Ray-Ban Aviator Sunglasses', 159.99, 'Fashion', 5),
('Burberry Trench Coat', 1799.99, 'Fashion', 1),
('Tiffany & Co. Necklace', 299.99, 'Fashion', 2),
('Prada Wallet', 449.99, 'Fashion', 3),
('Nike Air Jordan Sneakers', 159.99, 'Fashion', 4),
('Hermes Silk Scarf', 349.99, 'Fashion', 5),
('Versace Dress', 699.99, 'Fashion', 1),
('Tom Ford Leather Jacket', 2599.99, 'Fashion', 2),
('Cartier Love Bracelet', 4999.99, 'Fashion', 3),
('Louis Vuitton Speedy Bag', 1099.99, 'Fashion', 4),
('Adidas Tracksuit', 99.99, 'Fashion', 5),
('Balenciaga Triple S Sneakers', 849.99, 'Fashion', 1),
('Chanel Pearl Earrings', 499.99, 'Fashion', 2),
('Zara Linen Dress', 49.99, 'Fashion', 3),
('Uniqlo Cashmere Sweater', 79.99, 'Fashion', 4),
('Topshop Mom Jeans', 69.99, 'Fashion', 5),

-- Books
('Harry Potter and the Philosophers Stone', 14.99, 'Books', 1),
('1984 by George Orwell', 9.99, 'Books', 2),
('To Kill a Mockingbird by Harper Lee', 12.99, 'Books', 3),
('The Great Gatsby by F. Scott Fitzgerald', 10.99, 'Books', 4),
('The Catcher in the Rye by J.D. Salinger', 8.99, 'Books', 5),
('Pride and Prejudice by Jane Austen', 11.99, 'Books', 1),
('Moby-Dick by Herman Melville', 14.99, 'Books', 2),
('War and Peace by Leo Tolstoy', 19.99, 'Books', 3),
('Ulysses by James Joyce', 16.99, 'Books', 4),
('The Odyssey by Homer', 14.99, 'Books', 5),
('Don Quixote by Miguel de Cervantes', 18.99, 'Books', 1),
('The Divine Comedy by Dante Alighieri', 24.99, 'Books', 2),
('The Iliad by Homer', 15.99, 'Books', 3),
('Madame Bovary by Gustave Flaubert', 12.99, 'Books', 4),
('The Brothers Karamazov by Fyodor Dostoevsky', 17.99, 'Books', 5),
('The Lord of the Rings by J.R.R. Tolkien', 29.99, 'Books', 1),
('A Tale of Two Cities by Charles Dickens', 12.99, 'Books', 2),
('Wuthering Heights by Emily Bronte', 11.99, 'Books', 3),
('Jane Eyre by Charlotte Bronte', 10.99, 'Books', 4),
('Dracula by Bram Stoker', 9.99, 'Books', 5),

-- Plants & gardening
('Monstera Deliciosa', 24.99, 'Plants & gardening', 1),
('Fiddle Leaf Fig', 29.99, 'Plants & gardening', 2),
('Snake Plant', 19.99, 'Plants & gardening', 3),
('ZZ Plant', 21.99, 'Plants & gardening', 4),
('Spider Plant', 18.99, 'Plants & gardening', 5),
('Succulent Collection - Set of 5', 15.99, 'Plants & gardening', 1),
('Japanese Maple Tree', 59.99, 'Plants & gardening', 2),
('Bonsai Tree Kit', 39.99, 'Plants & gardening', 3),
('Herb Garden Starter Kit', 24.99, 'Plants & gardening', 4),
('Orchid Plant', 29.99, 'Plants & gardening', 5),
('Rose Bush', 24.99, 'Plants & gardening', 1),
('Bamboo Plant', 18.99, 'Plants & gardening', 2),
('Mushroom Grow Kit', 34.99, 'Plants & gardening', 3),
('Lavender Plant', 16.99, 'Plants & gardening', 4),
('Garden Tool Set', 39.99, 'Plants & gardening', 5),
('Garden Gnome', 14.99, 'Plants & gardening', 1),
('Compost Bin', 49.99, 'Plants & gardening', 2),
('Bird Feeder', 29.99, 'Plants & gardening', 3),
('Ceramic Plant Pot', 19.99, 'Plants & gardening', 4),
('Terrarium Kit', 34.99, 'Plants & gardening', 5),

-- Electronics
('Apple iPhone 12', 699.99, 'Electronics', 1),
('Samsung Galaxy S21', 799.99, 'Electronics', 2),
('Sony PlayStation 5', 499.99, 'Electronics', 3),
('Nintendo Switch Console', 299.99, 'Electronics', 4),
('Canon EOS M50 Camera', 579.99, 'Electronics', 5),
('Apple MacBook Pro 15 inch', 1299.99, 'Electronics', 1),
('Dell XPS 13 Laptop', 999.99, 'Electronics', 2),
('Bose QuietComfort 35 Headphones', 299.99, 'Electronics', 3),
('Apple iPad Pro 11 inch', 799.99, 'Electronics', 4),
('Samsung QLED 4K TV', 999.99, 'Electronics', 5),
('Google Pixel 6', 699.99, 'Electronics', 1),
('Amazon Echo Dot', 49.99, 'Electronics', 2),
('Apple Watch Series 6', 399.99, 'Electronics', 3),
('Sonos One Speaker', 199.99, 'Electronics', 4),
('Microsoft Surface Pro 7', 899.99, 'Electronics', 5),
('Apple AirPods Pro', 249.99, 'Electronics', 1),
('GoPro Hero9', 399.99, 'Electronics', 2),
('HP OfficeJet Pro 9015 Printer', 229.99, 'Electronics', 3),
('Roku Streaming Stick+', 49.99, 'Electronics', 4),
('Fitbit Charge 4', 129.99, 'Electronics', 5),

-- Cars
('2022 BMW 3 Series', 41000.00, 'Cars', 1),
('2023 Mercedes Benz C-Class', 42000.00, 'Cars', 2),
('2022 Audi A4', 39000.00, 'Cars', 3),
('2023 Tesla Model 3', 45000.00, 'Cars', 4),
('2022 Lexus IS', 38000.00, 'Cars', 5),
('2022 Honda Accord', 24000.00, 'Cars', 1),
('2023 Toyota Camry', 25000.00, 'Cars', 2),
('2022 Ford Mustang', 27000.00, 'Cars', 3),
('2022 Chevrolet Camaro', 26000.00, 'Cars', 4),
('2022 Porsche 911 Carrera', 99000.00, 'Cars', 5),
('2023 Audi R8', 142000.00, 'Cars', 1),
('2022 Lamborghini Huracan', 207000.00, 'Cars', 2),
('2023 Ferrari 488', 250000.00, 'Cars', 3),
('2022 Bentley Continental', 200000.00, 'Cars', 4),
('2023 Rolls-Royce Ghost', 311000.00, 'Cars', 5),
('2022 Aston Martin DB11', 205000.00, 'Cars', 1),
('2022 Subaru Impreza', 19000.00, 'Cars', 2),
('2022 Hyundai Sonata', 23000.00, 'Cars', 3),
('2023 Mazda3', 21000.00, 'Cars', 4),
('2022 Nissan Altima', 24000.00, 'Cars', 5),

-- Bikes
('Trek Marlin 5 Mountain Bike', 539.99, 'Bikes', 1),
('Giant Defy Advanced 2 Road Bike', 2199.99, 'Bikes', 2),
('Cannondale Trail 8 Mountain Bike', 485.99, 'Bikes', 3),
('Specialized Roubaix Sport Road Bike', 2900.99, 'Bikes', 4),
('Cervelo P-Series Triathlon Bike', 3200.99, 'Bikes', 5),
('Bianchi Via Nirone 7 Road Bike', 1150.99, 'Bikes', 1),
('Santa Cruz Hightower Mountain Bike', 2999.99, 'Bikes', 2),
('Scott Foil 10 Road Bike', 4999.99, 'Bikes', 3),
('Yeti SB130 Mountain Bike', 5299.99, 'Bikes', 4),
('Cube Aim Race Mountain Bike', 579.99, 'Bikes', 5),
('Merida Reacto 5000 Road Bike', 2400.99, 'Bikes', 1),
('Canyon Neuron AL 6.0 Mountain Bike', 2199.99, 'Bikes', 2),
('Orbea Orca M20iLTD Road Bike', 4499.99, 'Bikes', 3),
('Ghost Kato 5.9 Mountain Bike', 999.99, 'Bikes', 4),
('Ribble Endurance AL Disc Road Bike', 1399.99, 'Bikes', 5),
('GT Aggressor Expert Mountain Bike', 649.99, 'Bikes', 1),
('Pinarello Dogma F12 Road Bike', 12000.99, 'Bikes', 2),
('Mongoose Dolomite Fat Tire Mountain Bike', 329.99, 'Bikes', 3),
('Schwinn Phocus 1400 Road Bike', 549.99, 'Bikes', 4),
('Diamondback Overdrive 29 Mountain Bike', 649.99, 'Bikes', 5),

-- Boats
('2023 Bayliner VR5 Bowrider', 34999.99, 'Boats', 1),
('2022 Sun Tracker Bass Buggy 16 XL', 18999.99, 'Boats', 2),
('2023 Yamaha AR210 Jet Boat', 43999.99, 'Boats', 3),
('2022 Boston Whaler 130 Super Sport', 15999.99, 'Boats', 4),
('2023 Sea Ray SDX 250 Outboard', 79999.99, 'Boats', 5),
('2023 Tracker Targa V-19 Combo', 39999.99, 'Boats', 1),
('2022 Bennington SX Series Pontoon', 34999.99, 'Boats', 2),
('2023 Malibu 24 MXZ Wake Boat', 129999.99, 'Boats', 3),
('2022 Barletta Cabrio Pontoon Boat', 59999.99, 'Boats', 4),
('2023 Regal LS6 Surf Boat', 99999.99, 'Boats', 5),
('2022 Mastercraft XStar Wakeboarding Boat', 169999.99, 'Boats', 1),
('2023 Cobalt R30 Cruiser', 159999.99, 'Boats', 2),
('2022 Chaparral 21 SSi Sport Boat', 49999.99, 'Boats', 3),
('2023 Sea-Doo Fish Pro Sport Fishing Jet Ski', 15999.99, 'Boats', 4),
('2022 Scarab 195 Open Jet Boat', 34999.99, 'Boats', 5),
('2023 Glastron GTD 205 Deck Boat', 49999.99, 'Boats', 1),
('2022 Lowe SS210 CL Pontoon Boat', 29999.99, 'Boats', 2),
('2023 Harris Sunliner 230 Pontoon Boat', 39999.99, 'Boats', 3),
('2022 Grady-White Freedom 215 Dual Console', 89999.99, 'Boats', 4),
('2023 Nautique Super Air G23 Paragon Wake Boat', 239999.99, 'Boats', 5),

-- Mens Fashion
('Tom Ford Leather Jacket', 2599.99, 'Men''s fashion', 1),
('Rolex Submariner Watch', 8999.99, 'Men''s fashion', 2),
('Ray-Ban Aviator Sunglasses', 159.99, 'Men''s fashion', 3),
('Yeezy Boost 350 Shoes', 300.99, 'Men''s fashion', 4),
('Burberry Trench Coat', 1799.99, 'Men''s fashion', 5),
('Nike Air Jordan Sneakers', 159.99, 'Men''s fashion', 1),
('Hugo Boss Suit', 699.99, 'Men''s fashion', 2),
('Ralph Lauren Polo Shirt', 89.99, 'Men''s fashion', 3),
('Versace Tie', 149.99, 'Men''s fashion', 4),
('Calvin Klein Jeans', 79.99, 'Men''s fashion', 5),
('Tommy Hilfiger Sweater', 69.99, 'Men''s fashion', 1),
('Armani Exchange Belt', 49.99, 'Men''s fashion', 2),
('Adidas Tracksuit', 99.99, 'Men''s fashion', 3),
('Levis 501 Original Fit Jeans', 59.99, 'Men''s fashion', 4),
('Timberland Boots', 129.99, 'Men''s fashion', 5),
('Fred Perry Polo Shirt', 89.99, 'Men''s fashion', 1),
('Lacoste Sneakers', 99.99, 'Men''s fashion', 2),
('Dolce & Gabbana Wallet', 199.99, 'Men''s fashion', 3),
('Puma Sports T-shirt', 29.99, 'Men''s fashion', 4),
('G-Star Raw Denim Jacket', 159.99, 'Men''s fashion', 5),

-- Womens fashion
('Chanel Little Black Dress', 3000.99, 'Women''s fashion', 1),
('Gucci Marmont Bag', 1899.99, 'Women''s fashion', 2),
('Prada Ballet Flats', 450.99, 'Women''s fashion', 3),
('Burberry Trench Coat', 1799.99, 'Women''s fashion', 4),
('Tiffany & Co. Heart Pendant Necklace', 199.99, 'Women''s fashion', 5),
('Hermes Silk Scarf', 349.99, 'Women''s fashion', 1),
('Versace Print Dress', 899.99, 'Women''s fashion', 2),
('Louis Vuitton Speedy Bag', 1099.99, 'Women''s fashion', 3),
('Cartier Love Bracelet', 5999.99, 'Women''s fashion', 4),
('Dolce & Gabbana Lace Dress', 1999.99, 'Women''s fashion', 5),
('Fendi Peekaboo Bag', 3299.99, 'Women''s fashion', 1),
('Jimmy Choo Crystal Heels', 995.99, 'Women''s fashion', 2),
('Christian Louboutin So Kate Pumps', 725.99, 'Women''s fashion', 3),
('Valentino Rockstud Flats', 745.99, 'Women''s fashion', 4),
('Givenchy Antigona Bag', 2390.99, 'Women''s fashion', 5),
('Yves Saint Laurent Monogram Clutch', 1190.99, 'Women''s fashion', 1),
('Chloe Marcie Bag', 1490.99, 'Women''s fashion', 2),
('Bottega Veneta Padded Cassette Bag', 2899.99, 'Women''s fashion', 3),
('Balenciaga Hourglass Bag', 2150.99, 'Women''s fashion', 4),
('Alexander McQueen Skull Scarf', 345.99, 'Women''s fashion', 5),

-- Computers
('Apple MacBook Pro 16''', 2399.99,  'Computers', 1),
('Dell XPS 15', 1899.99,  'Computers', 2),
('Microsoft Surface Laptop 3', 1299.99,  'Computers', 3),
('HP Spectre x360', 1499.99,  'Computers', 4),
('Lenovo ThinkPad X1 Carbon', 1399.99,  'Computers', 5),
('ASUS ROG Strix Gaming Laptop', 1699.99,  'Computers', 1),
('Acer Predator Helios 300', 1199.99,  'Computers', 2),
('Alienware M17 R4', 2299.99,  'Computers', 3),
('Apple MacBook Air', 999.99,  'Computers', 4),
('Samsung Galaxy Book Flex', 1249.99,  'Computers', 5),
('Razer Blade 15', 1999.99,  'Computers', 1),
('Microsoft Surface Pro 7', 899.99,  'Computers', 2),
('Lenovo Yoga C940', 1099.99,  'Computers', 3),
('HP Pavilion 15', 649.99,  'Computers', 4),
('ASUS VivoBook 15', 499.99,  'Computers', 5),
('Dell Inspiron 15', 549.99,  'Computers', 1),
('Acer Aspire 5', 399.99,  'Computers', 2),
('Apple iMac 27''', 1799.99,  'Computers', 3),
('Dell Alienware Aurora R10 Gaming Desktop', 1899.99,  'Computers', 4),
('HP Envy Desktop', 899.99,  'Computers', 5),

-- Phones
('Apple iPhone 13 Pro', 999.99,  'Phones', 1),
('Samsung Galaxy S22 Ultra', 1199.99,  'Phones', 2),
('Google Pixel 6 Pro', 899.99,  'Phones', 3),
('OnePlus 10 Pro', 799.99,  'Phones', 4),
('Huawei P50 Pro', 1099.99,  'Phones', 5),
('Xiaomi Mi 12 Ultra', 899.99,  'Phones', 1),
('OPPO Find X5 Pro', 1099.99,  'Phones', 2),
('Sony Xperia 1 IV', 1199.99,  'Phones', 3),
('Nokia 9.3 PureView', 799.99,  'Phones', 4),
('Asus ROG Phone 5s Pro', 999.99,  'Phones', 5),
('Motorola Moto G200', 399.99,  'Phones', 1),
('Realme GT 2 Pro', 499.99,  'Phones', 2),
('BlackBerry Key3', 699.99,  'Phones', 3),
('LG Velvet 2', 599.99,  'Phones', 4),
('ZTE Axon 30 Ultra', 749.99,  'Phones', 5),
('Vivo X70 Pro Plus', 849.99,  'Phones', 1),
('Honor Magic 3 Pro+', 999.99,  'Phones', 2),
('Fairphone 4', 599.99,  'Phones', 3),
('TCL 20 Pro 5G', 499.99,  'Phones', 4),
('Lenovo Legion Phone Duel 2', 799.99,  'Phones', 5),

-- Headphones
('Sony WH-1000XM4', 349.99,  'Headphones', 1),
('Bose QuietComfort 35 II', 299.99,  'Headphones', 2),
('Apple AirPods Pro', 249.99,  'Headphones', 3),
('Sennheiser HD 660 S', 499.99,  'Headphones', 4),
('Beats by Dre Studio3', 349.99,  'Headphones', 5),
('Jabra Elite 85h', 249.99,  'Headphones', 1),
('Audio-Technica ATH-M50x', 149.99,  'Headphones', 2),
('Beyerdynamic DT 990 Pro', 179.99,  'Headphones', 3),
('JBL Free X', 119.99,  'Headphones', 4),
('Anker Soundcore Life Q20', 59.99,  'Headphones', 5),
('Plantronics BackBeat Pro 2', 199.99,  'Headphones', 1),
('Samsung Galaxy Buds Pro', 199.99,  'Headphones', 2),
('AKG K702', 229.99,  'Headphones', 3),
('Grado SR80e', 99.99,  'Headphones', 4),
('Skullcandy Crusher Wireless', 149.99,  'Headphones', 5),
('Panasonic RP-HD805N', 249.99,  'Headphones', 1),
('Razer Nari Ultimate', 199.99,  'Headphones', 2),
('SteelSeries Arctis Pro', 179.99,  'Headphones', 3),
('HyperX Cloud II', 99.99,  'Headphones', 4),
('Astro A50', 299.99,  'Headphones', 5),

-- Microphones
('Audio-Technica AT2020', 99.99,  'Microphones', 1),
('Shure SM58', 99.99,  'Microphones', 2),
('Rode NT1', 269.99,  'Microphones', 3),
('Blue Yeti USB', 129.99,  'Microphones', 4),
('Neumann U87', 2699.99,  'Microphones', 5),
('AKG C414', 899.99,  'Microphones', 1),
('Sennheiser MKH416', 999.99,  'Microphones', 2),
('MXL 990', 69.99,  'Microphones', 3),
('Rode NT-USB', 169.99,  'Microphones', 4),
('Behringer C-1', 49.99,  'Microphones', 5),
('Samson Meteor Mic', 69.99,  'Microphones', 1),
('Heil PR40', 329.99,  'Microphones', 2),
('Blue Snowball iCE', 49.99,  'Microphones', 3),
('Audio-Technica ATR2100x-USB', 99.99,  'Microphones', 4),
('Shure SM7B', 399.99,  'Microphones', 5),
('Rode Procaster', 229.99,  'Microphones', 1),
('AKG D5', 69.99,  'Microphones', 2),
('Lewitt LCT 440 PURE', 269.99,  'Microphones', 3),
('Marantz Professional MPM-2000U', 149.99,  'Microphones', 4),
('Blue Spark Blackout SL XLR', 199.99,  'Microphones', 5)
;



INSERT INTO item_itemstats (item_id, views, watchers, status)
VALUES
('1', '100', '10', 'Not sold'),
('2', '150', '10', 'Not sold'),
('3', '50' , '10', 'Not sold'),
('4', '50' , '10', 'Not sold');

INSERT INTO item_itemdetails (item_stats_id, condition, description)
VALUES
('1', 'New', 'This is a brand new item.'),
('2', 'Used', 'This item is slightly used but in good condition.'),
('3', 'New', 'This item is brand new and unopened.'),
('4', 'New', 'This item is brand new and unopened.');

INSERT INTO item_itemimage (item_id, image)
VALUES
--     Fashion
('1', 'https://images.unsplash.com/photo-1485462537746-965f33f7f6a7?ixlib=rb-4.0.3&ixid=M3wxMjA3fDB8MHxwaG90by1wYWdlfHx8fGVufDB8fHx8fA%3D%3D&auto=format&fit=crop&w=687&q=80'),
('2', 'https://images.unsplash.com/photo-1487222477894-8943e31ef7b2?ixlib=rb-4.0.3&ixid=M3wxMjA3fDB8MHxwaG90by1wYWdlfHx8fGVufDB8fHx8fA%3D%3D&auto=format&fit=crop&w=795&q=80'),
('3', 'https://images.unsplash.com/photo-1469334031218-e382a71b716b?ixlib=rb-4.0.3&ixid=M3wxMjA3fDB8MHxwaG90by1wYWdlfHx8fGVufDB8fHx8fA%3D%3D&auto=format&fit=crop&w=1170&q=80'),
('4', 'https://images.unsplash.com/photo-1574201635302-388dd92a4c3f?ixlib=rb-4.0.3&ixid=M3wxMjA3fDB8MHxwaG90by1wYWdlfHx8fGVufDB8fHx8fA%3D%3D&auto=format&fit=crop&w=765&q=80'),
('5', 'https://plus.unsplash.com/premium_photo-1673757120930-6cab166776b3?ixlib=rb-4.0.3&ixid=M3wxMjA3fDB8MHxwaG90by1wYWdlfHx8fGVufDB8fHx8fA%3D%3D&auto=format&fit=crop&w=687&q=80'),
('6', 'https://plus.unsplash.com/premium_photo-1673757120930-6cab166776b3?ixlib=rb-4.0.3&ixid=M3wxMjA3fDB8MHxwaG90by1wYWdlfHx8fGVufDB8fHx8fA%3D%3D&auto=format&fit=crop&w=687&q=80'),
('7', 'https://plus.unsplash.com/premium_photo-1673757120930-6cab166776b3?ixlib=rb-4.0.3&ixid=M3wxMjA3fDB8MHxwaG90by1wYWdlfHx8fGVufDB8fHx8fA%3D%3D&auto=format&fit=crop&w=687&q=80'),
('8', 'https://plus.unsplash.com/premium_photo-1673757120930-6cab166776b3?ixlib=rb-4.0.3&ixid=M3wxMjA3fDB8MHxwaG90by1wYWdlfHx8fGVufDB8fHx8fA%3D%3D&auto=format&fit=crop&w=687&q=80'),
('9', 'https://plus.unsplash.com/premium_photo-1673757120930-6cab166776b3?ixlib=rb-4.0.3&ixid=M3wxMjA3fDB8MHxwaG90by1wYWdlfHx8fGVufDB8fHx8fA%3D%3D&auto=format&fit=crop&w=687&q=80'),
('10', 'https://plus.unsplash.com/premium_photo-1673757120930-6cab166776b3?ixlib=rb-4.0.3&ixid=M3wxMjA3fDB8MHxwaG90by1wYWdlfHx8fGVufDB8fHx8fA%3D%3D&auto=format&fit=crop&w=687&q=80'),
('11', 'https://plus.unsplash.com/premium_photo-1673757120930-6cab166776b3?ixlib=rb-4.0.3&ixid=M3wxMjA3fDB8MHxwaG90by1wYWdlfHx8fGVufDB8fHx8fA%3D%3D&auto=format&fit=crop&w=687&q=80'),
('11', 'https://plus.unsplash.com/premium_photo-1673757120930-6cab166776b3?ixlib=rb-4.0.3&ixid=M3wxMjA3fDB8MHxwaG90by1wYWdlfHx8fGVufDB8fHx8fA%3D%3D&auto=format&fit=crop&w=687&q=80'),
('12', ''),
('13', ''),
('14', ''),
('15', ''),
('16', ''),
('17', ''),
('18', ''),
('19', ''),
('20', ''),
('21', ''),
('22', ''),
('23', ''),
('24', ''),
('25', ''),

-- Books
('26', ''),
('27', ''),
('28', ''),
('29', ''),
('30', ''),
('31', ''),
('32', ''),
('33', ''),
('34', ''),
('35', ''),
('36', ''),
('37', ''),
('38', ''),
('39', ''),
('40', ''),
('41', ''),
('42', ''),
('43', ''),
('44', ''),
('45', ''),

-- Plants & gardening
('46', ''),
('47', ''),
('48', ''),
('49', ''),
('50', ''),
('51', ''),
('52', ''),
('53', ''),
('54', ''),
('55', ''),
('56', ''),
('57', ''),
('58', ''),
('59', ''),
('60', ''),
('61', ''),
('62', ''),
('63', ''),
('64', ''),
('65', ''),

-- Electronics
('66', ''),
('67', ''),
('68', ''),
('69', ''),
('70', ''),
('71', ''),
('72', ''),
('73', ''),
('74', ''),
('75', ''),
('76', ''),
('77', ''),
('78', ''),
('79', ''),
('80', ''),
('81', ''),
('82', ''),
('83', ''),
('84', ''),
('85', ''),

-- Cars
('86', ''),
('87', ''),
('88', ''),
('89', ''),
('90', ''),
('91', ''),
('92', ''),
('93', ''),
('94', ''),
('95', ''),
('96', ''),
('97', ''),
('98', ''),
('99', ''),
('100', ''),
('101', ''),
('102', ''),
('103', ''),
('104', ''),
('105', ''),

-- Bikes
('106', 'https://images.unsplash.com/photo-1653164934725-80009db55710?ixlib=rb-4.0.3&ixid=M3wxMjA3fDB8MHxzZWFyY2h8MTB8fHRyZWslMjBtb3VudGFpbiUyMGJpa2V8ZW58MHx8MHx8fDA%3D&auto=format&fit=crop&w=500&q=60'),
('107', 'https://images.unsplash.com/photo-1549216963-72c1712c1196?ixlib=rb-4.0.3&ixid=M3wxMjA3fDB8MHxzZWFyY2h8MTR8fHJvYWQlMjBiaWtlfGVufDB8fDB8fHww&auto=format&fit=crop&w=500&q=60'),
('108', 'https://images.unsplash.com/photo-1602010453560-2c77603dfb87?ixlib=rb-4.0.3&ixid=M3wxMjA3fDB8MHxzZWFyY2h8MXx8Y2Fubm9uZGFsZSUyMG1vdW50YWluJTIwYmlrZXxlbnwwfHwwfHx8MA%3D%3D&auto=format&fit=crop&w=500&q=60'),
('109', 'https://images.unsplash.com/photo-1605272027066-e34bf42742a0?ixlib=rb-4.0.3&ixid=M3wxMjA3fDB8MHxzZWFyY2h8MzN8fHJvYWQlMjBiaWtlfGVufDB8fDB8fHww&auto=format&fit=crop&w=500&q=60'),
('110', 'https://images.unsplash.com/photo-1610733247478-f9a5ad319aae?ixlib=rb-4.0.3&ixid=M3wxMjA3fDB8MHxzZWFyY2h8M3x8dHJpYXRobG9uJTIwYmlrZXxlbnwwfHwwfHx8MA%3D%3D&auto=format&fit=crop&w=500&q=60'),
('111', 'https://images.unsplash.com/photo-1605050825338-7ce647cc633f?ixlib=rb-4.0.3&ixid=M3wxMjA3fDB8MHxzZWFyY2h8Nnx8cm9hZCUyMGJpY3ljbGV8ZW58MHx8MHx8fDA%3D&auto=format&fit=crop&w=500&q=60'),
('112', 'https://images.unsplash.com/photo-1605008585816-03ab23ce80af?ixlib=rb-4.0.3&ixid=M3wxMjA3fDB8MHxzZWFyY2h8MXx8c2FudGElMjBjcnV6JTIwbW91bnRhaW4lMjBiaWtlfGVufDB8fDB8fHww&auto=format&fit=crop&w=500&q=60'),
('113', 'https://plus.unsplash.com/premium_photo-1684274186188-2a7abbd85b48?ixlib=rb-4.0.3&ixid=M3wxMjA3fDB8MHxzZWFyY2h8MTN8fGN5Y2xpbmd8ZW58MHx8MHx8fDA%3D&auto=format&fit=crop&w=500&q=60'),
('114', 'https://images.unsplash.com/photo-1506316940527-4d1c138978a0?ixlib=rb-4.0.3&ixid=M3wxMjA3fDB8MHxzZWFyY2h8Mnx8bW91bnRhaW4lMjBiaWtlfGVufDB8fDB8fHww&auto=format&fit=crop&w=500&q=60'),
('115', 'https://images.unsplash.com/photo-1541625602330-2277a4c46182?ixlib=rb-4.0.3&ixid=M3wxMjA3fDB8MHxzZWFyY2h8Nnx8Y3ljbGluZ3xlbnwwfHwwfHx8MA%3D%3D&auto=format&fit=crop&w=500&q=60'),
('116', 'https://plus.unsplash.com/premium_photo-1664304684865-2ea3c675d804?ixlib=rb-4.0.3&ixid=M3wxMjA3fDB8MHxzZWFyY2h8MTN8fG1vdW50YWluJTIwYmlrZXxlbnwwfHwwfHx8MA%3D%3D&auto=format&fit=crop&w=500&q=60'),
('117', 'https://images.unsplash.com/photo-1574965234283-2f20a4cffa43?ixlib=rb-4.0.3&ixid=M3wxMjA3fDB8MHxzZWFyY2h8MTF8fGJpY3ljbGV8ZW58MHx8MHx8fDA%3D&auto=format&fit=crop&w=500&q=60'),
('118', 'https://images.unsplash.com/photo-1545974452-caa213f76132?ixlib=rb-4.0.3&ixid=M3wxMjA3fDB8MHxzZWFyY2h8MjN8fG1vdW50YWluJTIwYmlrZXxlbnwwfHwwfHx8MA%3D%3D&auto=format&fit=crop&w=500&q=60'),
('119', 'https://images.unsplash.com/photo-1576435728678-68d0fbf94e91?ixlib=rb-4.0.3&ixid=M3wxMjA3fDB8MHxzZWFyY2h8Nnx8YmljeWNsZXxlbnwwfHwwfHx8MA%3D%3D&auto=format&fit=crop&w=500&q=60'),
('120', 'https://images.unsplash.com/photo-1485965120184-e220f721d03e?ixlib=rb-4.0.3&ixid=M3wxMjA3fDB8MHxzZWFyY2h8Mnx8YmljeWNsZXxlbnwwfHwwfHx8MA%3D%3D&auto=format&fit=crop&w=500&q=60'),
('121', 'https://images.unsplash.com/photo-1568991004407-cdd5d0930945?ixlib=rb-4.0.3&ixid=M3wxMjA3fDB8MHxzZWFyY2h8Mjd8fG1vdW50YWluJTIwYmlrZXxlbnwwfHwwfHx8MA%3D%3D&auto=format&fit=crop&w=500&q=60'),
('122', 'https://images.unsplash.com/photo-1532298229144-0ec0c57515c7?ixlib=rb-4.0.3&ixid=M3wxMjA3fDB8MHxzZWFyY2h8M3x8YmljeWNsZXxlbnwwfHwwfHx8MA%3D%3D&auto=format&fit=crop&w=500&q=60'),
('123', 'https://images.unsplash.com/photo-1557500812-af5b24fdc111?ixlib=rb-4.0.3&ixid=M3wxMjA3fDB8MHxzZWFyY2h8Mnx8ZmF0JTIwYmlrZXxlbnwwfHwwfHx8MA%3D%3D&auto=format&fit=crop&w=500&q=60'),
('124', 'https://plus.unsplash.com/premium_photo-1684820878202-52781d8e0ea9?ixlib=rb-4.0.3&ixid=M3wxMjA3fDB8MHxzZWFyY2h8MXx8YmljeWNsZXxlbnwwfHwwfHx8MA%3D%3D&auto=format&fit=crop&w=500&q=60'),
('125', 'https://images.unsplash.com/photo-1590863436725-2c7a79da24d3?ixlib=rb-4.0.3&ixid=M3wxMjA3fDB8MHxzZWFyY2h8MzB8fG1vdW50YWluJTIwYmlrZXxlbnwwfHwwfHx8MA%3D%3D&auto=format&fit=crop&w=500&q=60'),

-- Boats
('126', 'https://images.unsplash.com/photo-1602528458925-4e75f2206d1d?ixlib=rb-4.0.3&ixid=M3wxMjA3fDB8MHxzZWFyY2h8MXx8YmF5bGluZXIlMjBib3dyaWRlcnxlbnwwfHwwfHx8MA%3D%3D&auto=format&fit=crop&w=500&q=60'),
('127', 'https://images.unsplash.com/photo-1593351415075-3bac9f45c877?ixlib=rb-4.0.3&ixid=M3wxMjA3fDB8MHxzZWFyY2h8OHx8Ym9hdHxlbnwwfHwwfHx8MA%3D%3D&auto=format&fit=crop&w=500&q=60'),
('128', 'https://images.unsplash.com/photo-1634121419482-236ef8a935be?ixlib=rb-4.0.3&ixid=M3wxMjA3fDB8MHxzZWFyY2h8Mnx8eWFtYWhhJTIwamV0JTIwYm9hdHxlbnwwfHwwfHx8MA%3D%3D&auto=format&fit=crop&w=500&q=60'),
('129', 'https://images.unsplash.com/photo-1605281317010-fe5ffe798166?ixlib=rb-4.0.3&ixid=M3wxMjA3fDB8MHxzZWFyY2h8MTJ8fGJvYXR8ZW58MHx8MHx8fDA%3D&auto=format&fit=crop&w=500&q=60'),
('130', 'https://images.unsplash.com/photo-1444487233259-dae9d907a740?ixlib=rb-4.0.3&ixid=M3wxMjA3fDB8MHxzZWFyY2h8NHx8eWFtYWhhJTIwamV0JTIwYm9hdHxlbnwwfHwwfHx8MA%3D%3D&auto=format&fit=crop&w=500&q=60'),
('131', 'https://images.unsplash.com/photo-1528154291023-a6525fabe5b4?ixlib=rb-4.0.3&ixid=M3wxMjA3fDB8MHxzZWFyY2h8Nnx8eWFtYWhhJTIwamV0JTIwYm9hdHxlbnwwfHwwfHx8MA%3D%3D&auto=format&fit=crop&w=500&q=60'),
('132', 'https://images.unsplash.com/photo-1500627964684-141351970a7f?ixlib=rb-4.0.3&ixid=M3wxMjA3fDB8MHxzZWFyY2h8MTB8fHlhbWFoYSUyMGpldCUyMGJvYXR8ZW58MHx8MHx8fDA%3D&auto=format&fit=crop&w=500&q=60'),
('133', 'https://images.unsplash.com/photo-1531012278403-e5db3b774373?ixlib=rb-4.0.3&ixid=M3wxMjA3fDB8MHxzZWFyY2h8MXx8bWFsaWJ1JTIwd2FrZSUyMGJvYXR8ZW58MHx8MHx8fDA%3D&auto=format&fit=crop&w=500&q=60'),
('134', 'https://images.unsplash.com/photo-1559530900-1576fd6ac0ab?ixlib=rb-4.0.3&ixid=M3wxMjA3fDB8MHxzZWFyY2h8MTh8fGJhcmxldHRhJTIwY2FicmlvJTIwcG9udG9vbiUyMGJvYXR8ZW58MHx8MHx8fDA%3D&auto=format&fit=crop&w=500&q=60'),
('135', 'https://images.unsplash.com/photo-1591623454891-05bddfeca7fd?ixlib=rb-4.0.3&ixid=M3wxMjA3fDB8MHxzZWFyY2h8Mnx8c3VyZiUyMGJvYXR8ZW58MHx8MHx8fDA%3D&auto=format&fit=crop&w=500&q=60'),
('136', 'https://images.unsplash.com/photo-1656144095532-317a979b1d00?ixlib=rb-4.0.3&ixid=M3wxMjA3fDB8MHxzZWFyY2h8NHx8d2FrZWJvYXJkaW5nJTIwYm9hdHxlbnwwfHwwfHx8MA%3D%3D&auto=format&fit=crop&w=500&q=60'),
('137', 'https://images.unsplash.com/photo-1586442383910-9a36ea755d2e?ixlib=rb-4.0.3&ixid=M3wxMjA3fDB8MHxzZWFyY2h8Mnx8Y29iYWx0JTIwY3J1aXNlcnxlbnwwfHwwfHx8MA%3D%3D&auto=format&fit=crop&w=500&q=60'),
('138', 'https://images.unsplash.com/photo-1536084970624-b275a6a11673?ixlib=rb-4.0.3&ixid=M3wxMjA3fDB8MHxzZWFyY2h8OHx8c3BvcnQlMjBib2F0fGVufDB8fDB8fHww&auto=format&fit=crop&w=500&q=60'),
('139', 'https://images.unsplash.com/photo-1665112091866-cf95bd5f0a97?ixlib=rb-4.0.3&ixid=M3wxMjA3fDB8MHxzZWFyY2h8M3x8ZmlzaGluZyUyMGpldCUyMHNraXxlbnwwfHwwfHx8MA%3D%3D&auto=format&fit=crop&w=500&q=60'),
('140', 'https://images.unsplash.com/photo-1453073796612-e8858a47dd77?ixlib=rb-4.0.3&ixid=M3wxMjA3fDB8MHxzZWFyY2h8Mnx8b3BlbiUyMGpldCUyMGJvYXR8ZW58MHx8MHx8fDA%3D&auto=format&fit=crop&w=500&q=60'),
('141', 'https://images.unsplash.com/photo-1559028576-de011cae3181?ixlib=rb-4.0.3&ixid=M3wxMjA3fDB8MHxzZWFyY2h8MXx8b3BlbiUyMGpldCUyMGJvYXR8ZW58MHx8MHx8fDA%3D&auto=format&fit=crop&w=500&q=60'),
('142', 'https://images.unsplash.com/photo-1474927280041-5bef478c74e3?ixlib=rb-4.0.3&ixid=M3wxMjA3fDB8MHxzZWFyY2h8NHx8cG9udG9vbiUyMGJvYXR8ZW58MHx8MHx8fDA%3D&auto=format&fit=crop&w=500&q=60'),
('143', 'https://images.unsplash.com/photo-1516222338250-863216ce01ea?ixlib=rb-4.0.3&ixid=M3wxMjA3fDB8MHxzZWFyY2h8Nnx8cG9udG9vbiUyMGJvYXR8ZW58MHx8MHx8fDA%3D&auto=format&fit=crop&w=500&q=60'),
('144', 'https://images.unsplash.com/photo-1444565435044-0c6d3cfd8340?ixlib=rb-4.0.3&ixid=M3wxMjA3fDB8MHxzZWFyY2h8NTR8fGJvYXQlMjBkdWFsJTIwY29uc29sZXxlbnwwfHwwfHx8MA%3D%3D&auto=format&fit=crop&w=500&q=60'),
('145', 'https://images.unsplash.com/photo-1534775100587-991a50dcf2f7?ixlib=rb-4.0.3&ixid=M3wxMjA3fDB8MHxzZWFyY2h8Mnx8d2FrZSUyMGJvYXR8ZW58MHx8MHx8fDA%3D&auto=format&fit=crop&w=500&q=60'),

-- Mens Fashion
('146', 'https://images.unsplash.com/photo-1521223890158-f9f7c3d5d504?ixlib=rb-4.0.3&ixid=M3wxMjA3fDB8MHxzZWFyY2h8Mnx8bGVhdGhlciUyMGphY2tldHxlbnwwfHwwfHx8MA%3D%3D&auto=format&fit=crop&w=500&q=60'),
('147', 'https://images.unsplash.com/photo-1662384205880-2c7a9879cc0c?ixlib=rb-4.0.3&ixid=M3wxMjA3fDB8MHxzZWFyY2h8Mnx8cm9sZXglMjBzdWJtYXJpbmVyJTIwd2F0Y2h8ZW58MHx8MHx8fDA%3D&auto=format&fit=crop&w=500&q=60'),
('148', 'https://images.unsplash.com/photo-1567473810954-507d59716c25?ixlib=rb-4.0.3&ixid=M3wxMjA3fDB8MHxzZWFyY2h8Mnx8YXZpYXRvciUyMHN1bmdsYXNzZXN8ZW58MHx8MHx8fDA%3D&auto=format&fit=crop&w=500&q=60'),
('149', 'https://images.unsplash.com/photo-1606297255627-c58c609140e9?ixlib=rb-4.0.3&ixid=M3wxMjA3fDB8MHxzZWFyY2h8M3x8eWVlenklMjBib29zdHxlbnwwfHwwfHx8MA%3D%3D&auto=format&fit=crop&w=500&q=60'),
('150', 'https://images.unsplash.com/photo-1611485988300-b7530defb8e2?ixlib=rb-4.0.3&ixid=M3wxMjA3fDB8MHxzZWFyY2h8Mnx8bWVucyUyMHRyZW5jaCUyMGNvYXR8ZW58MHx8MHx8fDA%3D&auto=format&fit=crop&w=500&q=60'),
('151', 'https://images.unsplash.com/photo-1597045566677-8cf032ed6634?ixlib=rb-4.0.3&ixid=M3wxMjA3fDB8MHxzZWFyY2h8Mnx8bmlrZSUyMGFpciUyMGpvcmRhbnxlbnwwfHwwfHx8MA%3D%3D&auto=format&fit=crop&w=500&q=60'),
('152', 'https://images.unsplash.com/photo-1534030347209-467a5b0ad3e6?ixlib=rb-4.0.3&ixid=M3wxMjA3fDB8MHxzZWFyY2h8MXx8aHVnbyUyMGJvc3MlMjBzdWl0fGVufDB8fDB8fHww&auto=format&fit=crop&w=500&q=60'),
('153', 'https://images.unsplash.com/photo-1631034527645-9c3a92b73abd?ixlib=rb-4.0.3&ixid=M3wxMjA3fDB8MHxzZWFyY2h8MTB8fHBvbG8lMjBzaGlydHxlbnwwfHwwfHx8MA%3D%3D&auto=format&fit=crop&w=500&q=60'),
('154', 'https://images.unsplash.com/photo-1598032895468-e81825029202?ixlib=rb-4.0.3&ixid=M3wxMjA3fDB8MHxzZWFyY2h8M3x8dGllfGVufDB8fDB8fHww&auto=format&fit=crop&w=500&q=60'),
('155', 'https://images.unsplash.com/photo-1577812361004-c7d0d1fe3614?ixlib=rb-4.0.3&ixid=M3wxMjA3fDB8MHxzZWFyY2h8MXx8Y2slMjBqZWFuc3xlbnwwfHwwfHx8MA%3D%3D&auto=format&fit=crop&w=500&q=60'),
('156', 'https://images.unsplash.com/photo-1586897414837-468be47328c4?ixlib=rb-4.0.3&ixid=M3wxMjA3fDB8MHxzZWFyY2h8MXx8dG9tbXklMjBoaWxmaWdlciUyMHN3ZWF0ZXJ8ZW58MHx8MHx8fDA%3D&auto=format&fit=crop&w=500&q=60'),
('157', 'https://images.unsplash.com/photo-1611937685025-8d1df67a80b6?ixlib=rb-4.0.3&ixid=M3wxMjA3fDB8MHxzZWFyY2h8Nnx8YXJtYW5pJTIwYmVsdHxlbnwwfHwwfHx8MA%3D%3D&auto=format&fit=crop&w=500&q=60'),
('158', 'https://images.unsplash.com/photo-1528858755052-cacfa0dd164a?ixlib=rb-4.0.3&ixid=M3wxMjA3fDB8MHxzZWFyY2h8Mnx8YWRpZGFzJTIwdHJhY2tzdWl0fGVufDB8fDB8fHww&auto=format&fit=crop&w=500&q=60'),
('159', 'https://images.unsplash.com/photo-1542272604-787c3835535d?ixlib=rb-4.0.3&ixid=M3wxMjA3fDB8MHxzZWFyY2h8MTh8fGxldmlzJTIwamVhbnMlMjBtZW58ZW58MHx8MHx8fDA%3D&auto=format&fit=crop&w=500&q=60'),
('160', 'https://images.unsplash.com/photo-1622747729390-7e26a62a6830?ixlib=rb-4.0.3&ixid=M3wxMjA3fDB8MHxzZWFyY2h8MTZ8fHRpbWJlcmxhbmQlMjBib290c3xlbnwwfHwwfHx8MA%3D%3D&auto=format&fit=crop&w=500&q=60'),
('161', 'https://images.unsplash.com/photo-1610541532691-0adf1385d2ea?ixlib=rb-4.0.3&ixid=M3wxMjA3fDB8MHxzZWFyY2h8MXx8ZnJlZCUyMHBlcnJ5fGVufDB8fDB8fHww&auto=format&fit=crop&w=500&q=60'),
('162', 'https://images.unsplash.com/photo-1496202703211-aa28e9500c30?ixlib=rb-4.0.3&ixid=M3wxMjA3fDB8MHxzZWFyY2h8MTJ8fGxhY29zdGUlMjBzbmVha2Vyc3xlbnwwfHwwfHx8MA%3D%3D&auto=format&fit=crop&w=500&q=60'),
('163', 'https://images.unsplash.com/photo-1531190260877-c8d11eb5afaf?ixlib=rb-4.0.3&ixid=M3wxMjA3fDB8MHxzZWFyY2h8NXx8ZG9sY2UlMjAlMjYlMjBnYWJiYW5hJTIwd2FsbGV0fGVufDB8fDB8fHww&auto=format&fit=crop&w=500&q=60'),
('164', 'https://images.unsplash.com/photo-1668260920944-ec171ceb8633?ixlib=rb-4.0.3&ixid=M3wxMjA3fDB8MHxzZWFyY2h8NXx8cHVtYSUyMHNwb3J0c3xlbnwwfHwwfHx8MA%3D%3D&auto=format&fit=crop&w=500&q=60'),
('165', 'https://images.unsplash.com/photo-1633931544915-128e0a54eb5b?ixlib=rb-4.0.3&ixid=M3wxMjA3fDB8MHxzZWFyY2h8Mnx8cmF3JTIwZGVuaW0lMjBqYWNrZXR8ZW58MHx8MHx8fDA%3D&auto=format&fit=crop&w=500&q=60'),

-- Womens fashion
('166', 'https://images.unsplash.com/photo-1612872217406-ed2471abf0a0?ixlib=rb-4.0.3&ixid=M3wxMjA3fDB8MHxzZWFyY2h8NHx8YmxhY2slMjBkcmVzc3xlbnwwfHwwfHx8MA%3D%3D&auto=format&fit=crop&w=500&q=60'),
('167', 'https://images.unsplash.com/photo-1511405946472-a37e3b5ccd47?ixlib=rb-4.0.3&ixid=M3wxMjA3fDB8MHxzZWFyY2h8Mnx8Z3VjY2klMjBtYXJtb250JTIwYmFnfGVufDB8fDB8fHww&auto=format&fit=crop&w=500&q=60'),
('168', 'https://images.unsplash.com/photo-1518131702213-9e73676db89e?ixlib=rb-4.0.3&ixid=M3wxMjA3fDB8MHxzZWFyY2h8OHx8YmFsbGV0JTIwZmxhdHN8ZW58MHx8MHx8fDA%3D&auto=format&fit=crop&w=500&q=60'),
('169', 'https://images.unsplash.com/photo-1635198624223-47114e1e671a?ixlib=rb-4.0.3&ixid=M3wxMjA3fDB8MHxzZWFyY2h8NXx8d29tZW5zJTIwdHJlbmNoJTIwY29hdHxlbnwwfHwwfHx8MA%3D%3D&auto=format&fit=crop&w=500&q=60'),
('170', 'https://images.unsplash.com/photo-1513122991877-4a5678e6d72f?ixlib=rb-4.0.3&ixid=M3wxMjA3fDB8MHxzZWFyY2h8MXx8aGVhcnQlMjBwZW5kYW50JTIwbmVja2xhY2V8ZW58MHx8MHx8fDA%3D&auto=format&fit=crop&w=500&q=60'),
('171', 'https://images.unsplash.com/photo-1606259458027-54d2a728b6ab?ixlib=rb-4.0.3&ixid=M3wxMjA3fDB8MHxzZWFyY2h8NHx8c2lsayUyMHNjYXJmfGVufDB8fDB8fHww&auto=format&fit=crop&w=500&q=60'),
('172', 'https://images.unsplash.com/photo-1466200822534-36ddce4a978e?ixlib=rb-4.0.3&ixid=M3wxMjA3fDB8MHxzZWFyY2h8MTh8fHZlcnNhY2UlMjBkcmVzc3xlbnwwfHwwfHx8MA%3D%3D&auto=format&fit=crop&w=500&q=60'),
('173', 'https://images.unsplash.com/photo-1484328256245-34b71758c30b?ixlib=rb-4.0.3&ixid=M3wxMjA3fDB8MHxzZWFyY2h8MTF8fHNwZWVkeSUyMGJhZ3xlbnwwfHwwfHx8MA%3D%3D&auto=format&fit=crop&w=500&q=60'),
('174', 'https://images.unsplash.com/photo-1676485261309-784d67817972?ixlib=rb-4.0.3&ixid=M3wxMjA3fDB8MHxzZWFyY2h8MTJ8fGJyYWNlbGV0JTIwaGVhcnQlMjBsb3ZlfGVufDB8fDB8fHww&auto=format&fit=crop&w=500&q=60'),
('175', 'https://images.unsplash.com/photo-1431361426216-5b0506d60eb9?ixlib=rb-4.0.3&ixid=M3wxMjA3fDB8MHxzZWFyY2h8NXx8bGFjZSUyMGRyZXNzfGVufDB8fDB8fHww&auto=format&fit=crop&w=500&q=60'),
('176', 'https://images.unsplash.com/photo-1523779105320-d1cd346ff52b?ixlib=rb-4.0.3&ixid=M3wxMjA3fDB8MHxzZWFyY2h8NXx8ZmVuZGklMjBwZWVrYWJvbyUyMGJhZ3xlbnwwfHwwfHx8MA%3D%3D&auto=format&fit=crop&w=500&q=60'),
('177', 'https://media.istockphoto.com/id/172129955/photo/glass-slipper.webp?b=1&s=170667a&w=0&k=20&c=0Vr8Lt7_G-Tmwh-bDVudZBDmi3SGHeoSsMn6uZI_-nM='),
('178', 'https://images.unsplash.com/photo-1465453869711-7e174808ace9?ixlib=rb-4.0.3&ixid=M3wxMjA3fDB8MHxzZWFyY2h8Mnx8Y2luZGFyZWxsYSUyMGdsYXNzJTIwc2hvZXxlbnwwfHwwfHx8MA%3D%3D&auto=format&fit=crop&w=500&q=60'),
('179', 'https://images.unsplash.com/photo-1581578731509-8ae9c5a3e7d3?ixlib=rb-4.0.3&ixid=M3wxMjA3fDB8MHxzZWFyY2h8MzZ8fGZsYXRzJTIwc2hvZXN8ZW58MHx8MHx8fDA%3D&auto=format&fit=crop&w=500&q=60'),
('180', 'https://images.unsplash.com/photo-1584917865442-de89df76afd3?ixlib=rb-4.0.3&ixid=M3wxMjA3fDB8MHxzZWFyY2h8Mnx8YmFnfGVufDB8fDB8fHww&auto=format&fit=crop&w=500&q=60'),
('181', 'https://images.unsplash.com/photo-1448582649076-3981753123b5?ixlib=rb-4.0.3&ixid=M3wxMjA3fDB8MHxzZWFyY2h8Nnx8cGFkZGVkJTIwY2Fzc2V0dGUlMjBiYWd8ZW58MHx8MHx8fDA%3D&auto=format&fit=crop&w=500&q=60'),
('182', 'https://images.unsplash.com/photo-1507702553912-a15641e827c8?ixlib=rb-4.0.3&ixid=M3wxMjA3fDB8MHxzZWFyY2h8MjJ8fHBhZGRlZCUyMGNhc3NldHRlJTIwYmFnfGVufDB8fDB8fHww&auto=format&fit=crop&w=500&q=60'),
('183', 'https://images.unsplash.com/photo-1506152983158-b4a74a01c721?ixlib=rb-4.0.3&ixid=M3wxMjA3fDB8MHxzZWFyY2h8MjB8fGhvdXJnbGFzcyUyMGJhZ3xlbnwwfHwwfHx8MA%3D%3D&auto=format&fit=crop&w=500&q=60'),
('184', 'https://images.unsplash.com/photo-1641934823405-a71278d81753?ixlib=rb-4.0.3&ixid=M3wxMjA3fDB8MHxzZWFyY2h8MXx8aG91cmdsYXNzJTIwYmFnfGVufDB8fDB8fHww&auto=format&fit=crop&w=500&q=60'),
('185', 'https://images.unsplash.com/photo-1645199431596-b7da6a10a01b?ixlib=rb-4.0.3&ixid=M3wxMjA3fDB8MHxzZWFyY2h8Mnx8c2t1bGwlMjBzY2FyZnxlbnwwfHwwfHx8MA%3D%3D&auto=format&fit=crop&w=500&q=60'),

--Computers
('186', 'https://images.unsplash.com/photo-1580719993950-0d35ce87c26f?ixlib=rb-4.0.3&ixid=M3wxMjA3fDB8MHxzZWFyY2h8MXx8bWFjYm9vayUyMHBybyUyMDE2fGVufDB8fDB8fHww&auto=format&fit=crop&w=500&q=60'),
('187', 'https://images.unsplash.com/photo-1565339119519-c9eaa1918b9f?ixlib=rb-4.0.3&ixid=M3wxMjA3fDB8MHxzZWFyY2h8MXx8ZGVsbCUyMHhwcyUyMDE1fGVufDB8fDB8fHww&auto=format&fit=crop&w=500&q=60'),
('188', 'https://images.unsplash.com/photo-1595245150809-ef9436aaded6?ixlib=rb-4.0.3&ixid=M3wxMjA3fDB8MHxzZWFyY2h8Mnx8bWljcm9zb2Z0JTIwc3VyZmFjZXxlbnwwfHwwfHx8MA%3D%3D&auto=format&fit=crop&w=500&q=60'),
('189', 'https://images.unsplash.com/photo-1589561084283-930aa7b1ce50?ixlib=rb-4.0.3&ixid=M3wxMjA3fDB8MHxzZWFyY2h8MXx8aHBvJTIwc3BlY3RyZSUyMHgzNjB8ZW58MHx8MHx8fDA%3D&auto=format&fit=crop&w=500&q=60'),
('190', 'https://images.unsplash.com/photo-1611078489935-0cb964de46d6?ixlib=rb-4.0.3&ixid=M3wxMjA3fDB8MHxzZWFyY2h8MXx8bGVub3ZvJTIwdGhpbmtwYWR8ZW58MHx8MHx8fDA%3D&auto=format&fit=crop&w=500&q=60'),
('191', 'https://images.unsplash.com/photo-1534423861386-85a16f5d13fd?ixlib=rb-4.0.3&ixid=M3wxMjA3fDB8MHxzZWFyY2h8NHx8YXN1cyUyMHJvZyUyMHN0cml4JTIwZ2FtaW5nJTIwbGFwdG9wfGVufDB8fDB8fHww&auto=format&fit=crop&w=500&q=60'),
('192', 'https://images.unsplash.com/photo-1575024357670-2b5164f470c3?ixlib=rb-4.0.3&ixid=M3wxMjA3fDB8MHxzZWFyY2h8MTZ8fGxhcHRvcHxlbnwwfHwwfHx8MA%3D%3D&auto=format&fit=crop&w=500&q=60'),
('193', 'https://images.unsplash.com/photo-1587614382346-4ec70e388b28?ixlib=rb-4.0.3&ixid=M3wxMjA3fDB8MHxzZWFyY2h8MjB8fGxhcHRvcHxlbnwwfHwwfHx8MA%3D%3D&auto=format&fit=crop&w=500&q=60'),
('194', 'https://plus.unsplash.com/premium_photo-1681286768130-b9da2bdc6695?ixlib=rb-4.0.3&ixid=M3wxMjA3fDB8MHxzZWFyY2h8MXx8bGFwdG9wfGVufDB8fDB8fHww&auto=format&fit=crop&w=500&q=60'),
('195', 'https://images.unsplash.com/photo-1525547719571-a2d4ac8945e2?ixlib=rb-4.0.3&ixid=M3wxMjA3fDB8MHxzZWFyY2h8M3x8bGFwdG9wfGVufDB8fDB8fHww&auto=format&fit=crop&w=500&q=60'),
('196', 'https://images.unsplash.com/photo-1654945711726-752da418260f?ixlib=rb-4.0.3&ixid=M3wxMjA3fDB8MHxzZWFyY2h8M3x8cmF6ZXIlMjBibGFkZXxlbnwwfHwwfHx8MA%3D%3D&auto=format&fit=crop&w=500&q=60'),
('197', 'https://images.unsplash.com/photo-1587613842560-0816bd27a096?ixlib=rb-4.0.3&ixid=M3wxMjA3fDB8MHxzZWFyY2h8M3x8bWljcm9zb2Z0JTIwc3VyZmFjZSUyMHByb3xlbnwwfHwwfHx8MA%3D%3D&auto=format&fit=crop&w=500&q=60'),
('198', 'https://images.unsplash.com/photo-1593642632823-8f785ba67e45?ixlib=rb-4.0.3&ixid=M3wxMjA3fDB8MHxzZWFyY2h8MXx8bGVub3ZvJTIwbGFwdG9wfGVufDB8fDB8fHww&auto=format&fit=crop&w=500&q=60'),
('199', 'https://images.unsplash.com/photo-1554126343-12e9cd58e25c?ixlib=rb-4.0.3&ixid=M3wxMjA3fDB8MHxzZWFyY2h8Mnx8aHAlMjBwYXZpbGlvbnxlbnwwfHwwfHx8MA%3D%3D&auto=format&fit=crop&w=500&q=60'),
('200', 'https://images.unsplash.com/photo-1544731612-de7f96afe55f?ixlib=rb-4.0.3&ixid=M3wxMjA3fDB8MHxzZWFyY2h8OXx8YXN1cyUyMHZpdm9ib29rfGVufDB8fDB8fHww&auto=format&fit=crop&w=500&q=60'),
('201', 'https://images.unsplash.com/photo-1588872657578-7efd1f1555ed?ixlib=rb-4.0.3&ixid=M3wxMjA3fDB8MHxzZWFyY2h8Mnx8ZGVsbCUyMGluc3Bpcm9ufGVufDB8fDB8fHww&auto=format&fit=crop&w=500&q=60'),
('202', 'https://images.unsplash.com/photo-1629751372750-3ddb8f8bfd0b?ixlib=rb-4.0.3&ixid=M3wxMjA3fDB8MHxzZWFyY2h8Mnx8YWNlciUyMGFzcGlyZXxlbnwwfHwwfHx8MA%3D%3D&auto=format&fit=crop&w=500&q=60'),
('203', 'https://images.unsplash.com/photo-1622774161048-863b17ed0d8e?ixlib=rb-4.0.3&ixid=M3wxMjA3fDB8MHxzZWFyY2h8M3x8YXBwbGUlMjBpbWFjfGVufDB8fDB8fHww&auto=format&fit=crop&w=500&q=60'),
('204', 'https://images.unsplash.com/photo-1593640495253-23196b27a87f?ixlib=rb-4.0.3&ixid=M3wxMjA3fDB8MHxzZWFyY2h8NHx8ZGVza3RvcCUyMGNvbXB1dGVyfGVufDB8fDB8fHww&auto=format&fit=crop&w=500&q=60'),
('205', 'https://images.unsplash.com/photo-1575318634028-6a0cfcb60c59?ixlib=rb-4.0.3&ixid=M3wxMjA3fDB8MHxzZWFyY2h8NXx8ZGVza3RvcCUyMGNvbXB1dGVyfGVufDB8fDB8fHww&auto=format&fit=crop&w=500&q=60'),

-- Phones
('206', 'https://images.unsplash.com/photo-1637496652486-99d500bcdd18?ixlib=rb-4.0.3&ixid=M3wxMjA3fDB8MHxzZWFyY2h8MXx8SXBob25lJTIwMTMlMjBwcm98ZW58MHx8MHx8fDA%3D&auto=format&fit=crop&w=500&q=60'),
('207', 'https://images.unsplash.com/photo-1675827418567-8436eb692b5f?ixlib=rb-4.0.3&ixid=M3wxMjA3fDB8MHxzZWFyY2h8M3x8Z2FsYXh5JTIwczIyJTIwdWx0cmF8ZW58MHx8MHx8fDA%3D&auto=format&fit=crop&w=500&q=60'),
('208', 'https://images.unsplash.com/photo-1635870664257-430f094c25db?ixlib=rb-4.0.3&ixid=M3wxMjA3fDB8MHxzZWFyY2h8MXx8cGl4ZWwlMjA2JTIwcHJvfGVufDB8fDB8fHww&auto=format&fit=crop&w=500&q=60'),
('209', 'https://images.unsplash.com/photo-1600721502738-84bd123c8a99?ixlib=rb-4.0.3&ixid=M3wxMjA3fDB8MHxzZWFyY2h8Mnx8T25lUGx1c3xlbnwwfHwwfHx8MA%3D%3D&auto=format&fit=crop&w=500&q=60'),
('210', 'https://images.unsplash.com/photo-1591884539376-42f1f0dc65c2?ixlib=rb-4.0.3&ixid=M3wxMjA3fDB8MHxzZWFyY2h8MXx8aHVhd2VpJTIwcDUwfGVufDB8fDB8fHww&auto=format&fit=crop&w=500&q=60'),
('211', 'https://images.unsplash.com/photo-1512063489294-0b53a27284b5?ixlib=rb-4.0.3&ixid=M3wxMjA3fDB8MHxzZWFyY2h8Mnx8eGlhb21pJTIwbWl8ZW58MHx8MHx8fDA%3D&auto=format&fit=crop&w=500&q=60'),
('212', 'https://images.unsplash.com/photo-1649859394614-dc4f7290b7f2?ixlib=rb-4.0.3&ixid=M3wxMjA3fDB8MHxzZWFyY2h8Mnx8b3BwbyUyMGZpbmQlMjB4NXxlbnwwfHwwfHx8MA%3D%3D&auto=format&fit=crop&w=500&q=60'),
('213', 'https://images.unsplash.com/photo-1518379106190-c4cfbcab0e39?ixlib=rb-4.0.3&ixid=M3wxMjA3fDB8MHxzZWFyY2h8Mnx8c29ueSUyMGV4cGVyaWF8ZW58MHx8MHx8fDA%3D&auto=format&fit=crop&w=500&q=60'),
('214', 'https://images.unsplash.com/photo-1559312379-6eff3ba65888?ixlib=rb-4.0.3&ixid=M3wxMjA3fDB8MHxzZWFyY2h8MXx8bm9raWElMjBwaG9uZXxlbnwwfHwwfHx8MA%3D%3D&auto=format&fit=crop&w=500&q=60'),
('215', 'https://images.unsplash.com/photo-1590653956132-7124afce5a9d?ixlib=rb-4.0.3&ixid=M3wxMjA3fDB8MHxzZWFyY2h8Mnx8YXN1cyUyMHJvZyUyMHBob25lfGVufDB8fDB8fHww&auto=format&fit=crop&w=500&q=60'),
('216', 'https://images.unsplash.com/photo-1599497986334-a17a0d25b76b?ixlib=rb-4.0.3&ixid=M3wxMjA3fDB8MHxzZWFyY2h8MXx8bW90b3JvbGElMjBtb3RvJTIwZzIwMHxlbnwwfHwwfHx8MA%3D%3D&auto=format&fit=crop&w=500&q=60'),
('217', 'https://images.unsplash.com/photo-1658321466659-b8bc6ef4b39e?ixlib=rb-4.0.3&ixid=M3wxMjA3fDB8MHxzZWFyY2h8MXx8cmVhbG1lJTIwcGhvbmV8ZW58MHx8MHx8fDA%3D&auto=format&fit=crop&w=500&q=60'),
('218', 'https://images.unsplash.com/photo-1582816836858-39618651bc17?ixlib=rb-4.0.3&ixid=M3wxMjA3fDB8MHxzZWFyY2h8MXx8YmxhY2tiZXJyeSUyMHBob25lfGVufDB8fDB8fHww&auto=format&fit=crop&w=500&q=60'),
('219', 'https://images.unsplash.com/photo-1524856076870-0d765c831d68?ixlib=rb-4.0.3&ixid=M3wxMjA3fDB8MHxzZWFyY2h8MXx8bGclMjBwaG9uZXxlbnwwfHwwfHx8MA%3D%3D&auto=format&fit=crop&w=500&q=60'),
('220', 'https://images.unsplash.com/photo-1644319030857-e93c4fc5016d?ixlib=rb-4.0.3&ixid=M3wxMjA3fDB8MHxzZWFyY2h8Mnx8enRlJTIwcGhvbmV8ZW58MHx8MHx8fDA%3D&auto=format&fit=crop&w=500&q=60'),
('221', 'https://images.unsplash.com/photo-1653674358579-c522b973bcde?ixlib=rb-4.0.3&ixid=M3wxMjA3fDB8MHxzZWFyY2h8OXx8dml2byUyMHBob25lfGVufDB8fDB8fHww&auto=format&fit=crop&w=500&q=60'),
('222', 'https://images.unsplash.com/photo-1643736039763-c062b17b27f5?ixlib=rb-4.0.3&ixid=M3wxMjA3fDB8MHxzZWFyY2h8MXx8aG9ub3IlMjBwaG9uZXxlbnwwfHwwfHx8MA%3D%3D&auto=format&fit=crop&w=500&q=60'),
('223', 'https://www.startpage.com/av/proxy-image?piurl=https%3A%2F%2Fmedia.wired.co.uk%2Fphotos%2F61548a6f2b18401229a84b00%2F16%3A9%2Fw_2560%252Cc_limit%2F3021-WIRED-Phonehero.jpg&sp=1685098350T6d2471df6ea603a3c1e30409847b68628f4d7b06650ea6ed8542a01a012bcb8f'),
('224', 'https://images.unsplash.com/photo-1598327105666-5b89351aff97?ixlib=rb-4.0.3&ixid=M3wxMjA3fDB8MHxzZWFyY2h8Mnx8c21hcnRwaG9uZXxlbnwwfHwwfHx8MA%3D%3D&auto=format&fit=crop&w=500&q=60'),
('225', 'https://images.unsplash.com/photo-1673287281746-8c2fb0fac266?ixlib=rb-4.0.3&ixid=M3wxMjA3fDB8MHxzZWFyY2h8MTJ8fGxlbm92byUyMHBob25lfGVufDB8fDB8fHww&auto=format&fit=crop&w=500&q=60'),

-- Headphones
('226', 'https://images.unsplash.com/photo-1607294846590-fd005d7973e8?ixlib=rb-4.0.3&ixid=M3wxMjA3fDB8MHxzZWFyY2h8Mnx8aGVhZHBob25lcyUyMHNvbnklMjB3aCUyMDEwMDB8ZW58MHx8MHx8fDI%3D&auto=format&fit=crop&w=500&q=60'),
('227', 'https://images.unsplash.com/photo-1628202926206-c63a34b1618f?ixlib=rb-4.0.3&ixid=M3wxMjA3fDB8MHxzZWFyY2h8MTF8fGhlYWRwaG9uZXMlMjBxdWlldGNvbWZvcnQlMjAzNSUyMElJfGVufDB8fDB8fHwy&auto=format&fit=crop&w=500&q=60'),
('228', 'https://images.unsplash.com/photo-1535057929422-25260d3e1a54?ixlib=rb-4.0.3&ixid=M3wxMjA3fDB8MHxzZWFyY2h8NXx8aGVhZHBob25lcyUyMGFpcnBvZHN8ZW58MHx8MHx8fDI%3D&auto=format&fit=crop&w=500&q=60'),
('229', 'https://images.unsplash.com/photo-1606220945770-b5b6c2c55bf1?ixlib=rb-4.0.3&ixid=M3wxMjA3fDB8MHxzZWFyY2h8NXx8aGVhZHBob25lcyUyMHNvbnklMjB3aCUyMDEwMDB8ZW58MHx8MHx8fDI%3D&auto=format&fit=crop&w=500&q=60'),
('230', 'https://images.unsplash.com/photo-1545127398-14699f92334b?ixlib=rb-4.0.3&ixid=M3wxMjA3fDB8MHxzZWFyY2h8MTd8fGhlYWRwaG9uZXN8ZW58MHx8MHx8fDI%3D&auto=format&fit=crop&w=500&q=60'),
('231', 'https://images.unsplash.com/photo-1583394838336-acd977736f90?ixlib=rb-4.0.3&ixid=M3wxMjA3fDB8MHxzZWFyY2h8Nnx8aGVhZHBob25lc3xlbnwwfHwwfHx8Mg%3D%3D&auto=format&fit=crop&w=500&q=60'),
('232', 'https://images.unsplash.com/photo-1572536147248-ac59a8abfa4b?ixlib=rb-4.0.3&ixid=M3wxMjA3fDB8MHxzZWFyY2h8MTF8fGhlYWRwaG9uZXN8ZW58MHx8MHx8fDI%3D&auto=format&fit=crop&w=500&q=60'),
('233', 'https://images.unsplash.com/photo-1546435770-a3e426bf472b?ixlib=rb-4.0.3&ixid=M3wxMjA3fDB8MHxzZWFyY2h8NHx8aGVhZHBob25lc3xlbnwwfHwwfHx8Mg%3D%3D&auto=format&fit=crop&w=500&q=60'),
('234', 'https://images.unsplash.com/photo-1593121925328-369cc8459c08?ixlib=rb-4.0.3&ixid=M3wxMjA3fDB8MHxzZWFyY2h8MTh8fGhlYWRwaG9uZXN8ZW58MHx8MHx8fDI%3D&auto=format&fit=crop&w=500&q=60'),
('235', 'https://images.unsplash.com/photo-1661983228625-f4619e57f66b?ixlib=rb-4.0.3&ixid=M3wxMjA3fDB8MHxzZWFyY2h8N3x8aGVhZHBob25lcyUyMHF1aWV0Y29tZm9ydCUyMDM1JTIwSUl8ZW58MHx8MHx8fDI%3D&auto=format&fit=crop&w=500&q=60'),
('236', 'https://images.unsplash.com/photo-1491927570842-0261e477d937?ixlib=rb-4.0.3&ixid=M3wxMjA3fDB8MHxzZWFyY2h8MjB8fGhlYWRwaG9uZXN8ZW58MHx8MHx8fDI%3D&auto=format&fit=crop&w=500&q=60'),
('237', 'https://images.unsplash.com/photo-1607950689008-58cfcdde6da4?ixlib=rb-4.0.3&ixid=M3wxMjA3fDB8MHxzZWFyY2h8MzF8fGhlYWRwaG9uZXN8ZW58MHx8MHx8fDI%3D&auto=format&fit=crop&w=500&q=60'),
('238', 'https://images.unsplash.com/photo-1565634915346-05e384b0c3ae?ixlib=rb-4.0.3&ixid=M3wxMjA3fDB8MHxzZWFyY2h8NDF8fGhlYWRwaG9uZXN8ZW58MHx8MHx8fDI%3D&auto=format&fit=crop&w=500&q=60'),
('239', 'https://images.unsplash.com/photo-1548378329-437e1ef34263?ixlib=rb-4.0.3&ixid=M3wxMjA3fDB8MHxzZWFyY2h8NDV8fGhlYWRwaG9uZXN8ZW58MHx8MHx8fDI%3D&auto=format&fit=crop&w=500&q=60'),
('240', 'https://images.unsplash.com/photo-1575975243243-5462a2054ed2?ixlib=rb-4.0.3&ixid=M3wxMjA3fDB8MHxzZWFyY2h8MTZ8fGhlYWRwaG9uZXN8ZW58MHx8MHx8fDI%3D&auto=format&fit=crop&w=500&q=60'),
('241', 'https://images.unsplash.com/photo-1531860898813-8cecde84646c?ixlib=rb-4.0.3&ixid=M3wxMjA3fDB8MHxjb2xsZWN0aW9uLXBhZ2V8M3w3RC02SF9lLXo2WXx8ZW58MHx8fHx8&auto=format&fit=crop&w=500&q=60'),
('242', 'https://images.unsplash.com/photo-1527283404347-aa637a44e935?ixlib=rb-4.0.3&ixid=M3wxMjA3fDB8MHxjb2xsZWN0aW9uLXBhZ2V8NXw3RC02SF9lLXo2WXx8ZW58MHx8fHx8&auto=format&fit=crop&w=500&q=60'),
('243', 'https://images.unsplash.com/photo-1561175915-509343c39f6f?ixlib=rb-4.0.3&ixid=M3wxMjA3fDB8MHxjb2xsZWN0aW9uLXBhZ2V8Mnw3RC02SF9lLXo2WXx8ZW58MHx8fHx8&auto=format&fit=crop&w=500&q=60'),
('244', 'https://images.unsplash.com/photo-1585771724684-38269d6639fd?ixlib=rb-4.0.3&ixid=M3wxMjA3fDB8MHxjb2xsZWN0aW9uLXBhZ2V8MTF8N0QtNkhfZS16Nll8fGVufDB8fHx8fA%3D%3D&auto=format&fit=crop&w=500&q=60'),
('245', 'https://images.unsplash.com/photo-1616081118936-562f7c13d9ca?ixlib=rb-4.0.3&ixid=M3wxMjA3fDB8MHxzZWFyY2h8Mnx8YXN0cm8lMjBhNTB8ZW58MHx8MHx8fDA%3D&auto=format&fit=crop&w=500&q=60'),

-- Microphones
('246', 'https://images.unsplash.com/photo-1540312479395-6b36e14a5961?ixlib=rb-4.0.3&ixid=M3wxMjA3fDB8MHxzZWFyY2h8NDB8fG1pY3JvcGhvbmV8ZW58MHx8MHx8fDI%3D&auto=format&fit=crop&w=500&q=60'),
('247', 'https://images.unsplash.com/photo-1588800347304-ec7e6f353327?ixlib=rb-4.0.3&ixid=M3wxMjA3fDB8MHxzZWFyY2h8MjB8fG1pY3JvcGhvbmV8ZW58MHx8MHx8fDI%3D&auto=format&fit=crop&w=500&q=60'),
('248', 'https://images.unsplash.com/photo-1620348485716-7dbc0ef9ddcd?ixlib=rb-4.0.3&ixid=M3wxMjA3fDB8MHxzZWFyY2h8NDF8fG1pY3JvcGhvbmV8ZW58MHx8MHx8fDI%3D&auto=format&fit=crop&w=500&q=60'),
('249', 'https://images.unsplash.com/photo-1554941426-a965fb2b9258?ixlib=rb-4.0.3&ixid=M3wxMjA3fDB8MHxzZWFyY2h8MzZ8fG1pY3JvcGhvbmV8ZW58MHx8MHx8fDI%3D&auto=format&fit=crop&w=500&q=60'),
('250', 'https://images.unsplash.com/photo-1631220706319-657942774d02?ixlib=rb-4.0.3&ixid=M3wxMjA3fDB8MHxzZWFyY2h8Mzl8fG1pY3JvcGhvbmV8ZW58MHx8MHx8fDI%3D&auto=format&fit=crop&w=500&q=60'),
('251', 'https://images.unsplash.com/photo-1585692352038-83025e0333bf?ixlib=rb-4.0.3&ixid=M3wxMjA3fDB8MHxzZWFyY2h8MzR8fG1pY3JvcGhvbmV8ZW58MHx8MHx8fDI%3D&auto=format&fit=crop&w=500&q=60'),
('252', 'https://images.unsplash.com/photo-1478737270239-2f02b77fc618?ixlib=rb-4.0.3&ixid=M3wxMjA3fDB8MHxzZWFyY2h8MzN8fG1pY3JvcGhvbmV8ZW58MHx8MHx8fDI%3D&auto=format&fit=crop&w=500&q=60'),
('253', 'https://images.unsplash.com/photo-1475721027785-f74eccf877e2?ixlib=rb-4.0.3&ixid=M3wxMjA3fDB8MHxzZWFyY2h8MjR8fG1pY3JvcGhvbmV8ZW58MHx8MHx8fDI%3D&auto=format&fit=crop&w=500&q=60'),
('254', 'https://images.unsplash.com/photo-1604266042274-0c081fdb854e?ixlib=rb-4.0.3&ixid=M3wxMjA3fDB8MHxzZWFyY2h8Mjl8fG1pY3JvcGhvbmV8ZW58MHx8MHx8fDI%3D&auto=format&fit=crop&w=500&q=60'),
('255', 'https://images.unsplash.com/photo-1612944639470-ce9a8346a808?ixlib=rb-4.0.3&ixid=M3wxMjA3fDB8MHxzZWFyY2h8MjV8fG1pY3JvcGhvbmV8ZW58MHx8MHx8fDI%3D&auto=format&fit=crop&w=500&q=60'),
('256', 'https://images.unsplash.com/photo-1485579149621-3123dd979885?ixlib=rb-4.0.3&ixid=M3wxMjA3fDB8MHxzZWFyY2h8MXx8bWljcm9waG9uZXxlbnwwfHwwfHx8Mg%3D%3D&auto=format&fit=crop&w=500&q=60'),
('257', 'https://images.unsplash.com/photo-1511671782779-c97d3d27a1d4?ixlib=rb-4.0.3&ixid=M3wxMjA3fDB8MHxzZWFyY2h8M3x8bWljcm9waG9uZXxlbnwwfHwwfHx8Mg%3D%3D&auto=format&fit=crop&w=500&q=60'),
('258', 'https://images.unsplash.com/photo-1531651008558-ed1740375b39?ixlib=rb-4.0.3&ixid=M3wxMjA3fDB8MHxzZWFyY2h8Mnx8bWljcm9waG9uZXxlbnwwfHwwfHx8Mg%3D%3D&auto=format&fit=crop&w=500&q=60'),
('259', 'https://images.unsplash.com/photo-1581548708095-7158f2e63857?ixlib=rb-4.0.3&ixid=M3wxMjA3fDB8MHxzZWFyY2h8N3x8bWljcm9waG9uZXxlbnwwfHwwfHx8Mg%3D%3D&auto=format&fit=crop&w=500&q=60'),
('260', 'https://images.unsplash.com/photo-1567596388756-f6d710c8fc07?ixlib=rb-4.0.3&ixid=M3wxMjA3fDB8MHxzZWFyY2h8OXx8bWljcm9waG9uZXxlbnwwfHwwfHx8Mg%3D%3D&auto=format&fit=crop&w=500&q=60'),
('261', 'https://images.unsplash.com/photo-1585102651425-8caf7848e44b?ixlib=rb-4.0.3&ixid=M3wxMjA3fDB8MHxzZWFyY2h8MjJ8fG1pY3JvcGhvbmV8ZW58MHx8MHx8fDI%3D&auto=format&fit=crop&w=500&q=60'),
('262', 'https://images.unsplash.com/photo-1608111681112-bf7cc550715a?ixlib=rb-4.0.3&ixid=M3wxMjA3fDB8MHxzZWFyY2h8MjN8fG1pY3JvcGhvbmV8ZW58MHx8MHx8fDI%3D&auto=format&fit=crop&w=500&q=60'),
('263', 'https://images.unsplash.com/photo-1590602847861-f357a9332bbc?ixlib=rb-4.0.3&ixid=M3wxMjA3fDB8MHxzZWFyY2h8MTl8fG1pY3JvcGhvbmV8ZW58MHx8MHx8fDI%3D&auto=format&fit=crop&w=500&q=60'),
('264', 'https://images.unsplash.com/photo-1587691602199-fab9823b93af?ixlib=rb-4.0.3&ixid=M3wxMjA3fDB8MHxzZWFyY2h8MTh8fG1pY3JvcGhvbmV8ZW58MHx8MHx8fDI%3D&auto=format&fit=crop&w=500&q=60'),
('265', 'https://images.unsplash.com/photo-1583665606514-e0f81cc5cded?ixlib=rb-4.0.3&ixid=M3wxMjA3fDB8MHxzZWFyY2h8MTZ8fG1pY3JvcGhvbmV8ZW58MHx8MHx8fDI%3D&auto=format&fit=crop&w=500&q=60');


INSERT INTO offer_offer (amount, buyer_id, item_id, seller_id)
VALUES
(100.00, 3 , 1, 2),
(200.00, 2, 2, 3),
(150.00, 4, 3, 1),
(300.00, 2, 1, 1),
(250.00, 1, 2, 2);




INSERT INTO offer_offerdetails (start_date, end_date, message, offer_id)
VALUES
('2023-01-01', '2023-01-31', 'Offer valid for the month of January', 1),
('2023-02-01', '2023-02-28', 'Offer valid for the month of February', 2),
('2023-03-01', '2023-03-31', 'Offer valid for the month of March', 3),
('2023-04-01', '2023-04-30', 'Offer valid for the month of April', 4),
('2023-05-01', '2023-05-31', 'Offer valid for the month of May', 5);


INSERT INTO watchlist_watchlistitem (item_id, user_id)
VALUES
(1, 1),
(2, 1),
(3, 1),
(4, 2),
(1, 3),
(2, 3),
(3, 4),
(4, 4),
(1, 5),
(2, 4),
(3, 2),
(4, 1);
